Time,Speed,Distance,acceleration,force,torque,rpm,power,efficency,EnergyIn,EnergyUseful,lost to drag,lost to electric effects,EnergyLost
0.09999999,0.1583763,0.003065766,2.49079,0.003364882,260.1737,5.776381,26.2299,0.001915521,1352.717,0.8711044,0.07950035,1077.481,1077.56
0.2,0.4040117,0.02845862,2.477729,0.01161534,258.8372,19.93966,90.07864,0.006612243,2703.176,7.442609,0.6814839,2420.766,2421.448
0.3,0.6493699,0.07865098,2.459334,0.02024387,256.9031,34.75197,155.8211,0.01152419,4052.303,20.30356,1.867027,3755.845,3757.712
0.4,0.8932328,0.1531242,2.436483,0.02832675,254.6162,48.62758,216.0957,0.01612552,5393.901,39.3311,3.63555,5076.648,5080.284
0.5000001,1.14165,0.2524046,2.407551,0.03618912,251.9778,62.12466,273.2145,0.02060132,6761.544,65.11623,6.05681,6416.084,6422.141
0.6,1.374866,0.3756067,2.377413,0.04442782,248.8095,76.26775,331.1962,0.02529135,8046.495,95.25208,8.920213,7668.037,7676.958
0.6999999,1.607121,0.5222607,2.342712,0.05213622,245.5064,89.5005,383.5003,0.02967949,9327.666,130.9698,12.35839,8910.053,8922.411
0.7999998,1.830328,0.6926299,2.30267,0.06002223,241.8267,103.0382,434.8903,0.03416875,10560.35,170.6817,16.23554,10099.15,10115.38
0.8999997,2.06743,0.8858159,2.264494,0.06763618,238.0228,116.1088,482.3484,0.03850313,11871.85,218.6368,20.9909,11357.94,11378.93
0.9999996,2.287868,1.101776,2.221352,0.0749309,234.1809,128.6314,525.7457,0.04265578,13093.22,268.6533,26.03499,12524.24,12550.28
1.1,2.511851,1.339353,2.181016,0.08222477,230.1784,141.1525,567.062,0.04680795,14336.39,324.8094,31.79727,13705.5,13737.29
1.199999,2.731721,1.599234,2.137196,0.08961283,225.9913,153.8354,606.7717,0.05101374,15559,385.2017,38.10882,14861.41,14899.51
1.299999,2.940334,1.878199,2.09469,0.09659664,221.9376,165.8242,642.3271,0.0549894,16721.75,447.3624,44.72602,15955.37,16000.1
1.399999,3.138275,2.157828,2.050154,0.1038589,217.6497,178.2912,677.2753,0.05912359,17826.99,510.7567,51.59974,16990.35,17041.95
1.499999,3.346078,2.456822,2.008929,0.1103144,213.7959,189.373,706.6345,0.06279846,18990.45,581.9566,59.46562,18074.74,18134.21
1.599999,3.543809,2.775601,1.966333,0.1170095,209.7749,200.8664,735.4247,0.06660981,20099.94,654.1399,67.59563,19103.92,19171.52
1.699999,3.737641,3.114396,1.925413,0.1236322,205.789,212.2353,762.2847,0.07037988,21190.12,729.1411,76.20638,20110.48,20186.69
1.799999,3.927936,3.472492,1.884152,0.1299322,202.0024,223.0503,786.3876,0.07396628,22263.19,806.8948,85.30544,21096.71,21182.01
1.899999,4.121689,3.849262,1.84472,0.1362795,198.2035,233.9465,809.2919,0.0775796,23358.5,890.2448,95.24957,22098.72,22193.97
1.999999,4.304923,4.24463,1.805614,0.1423839,194.5744,244.4256,830.0607,0.0810546,24397.17,973.0233,105.3186,23044.54,23149.85
2.099999,4.473331,4.658412,1.767415,0.1484361,191.0076,254.8152,849.4805,0.08449993,25354.27,1052.525,115.168,23912.29,24027.45
2.199999,4.649983,5.089372,1.732183,0.1540633,187.7249,264.4753,866.5316,0.08770332,26361.02,1139.444,126.1317,24821.16,24947.29
2.299999,4.814831,5.53769,1.697994,0.1596844,184.4828,274.1249,882.6364,0.09090326,27302.98,1223.84,136.9707,25667.87,25804.84
2.399998,4.992618,6.002773,1.664037,0.1654704,181.1884,284.0575,898.2849,0.09419703,28321.46,1318.383,149.3334,26579.45,26728.78
2.499998,5.155828,6.484846,1.630369,0.1709293,178.1233,293.4286,912.2217,0.0973046,29259.2,1408.495,161.3337,27415.07,27576.4
2.599998,5.316455,6.983009,1.599082,0.1759266,175.3561,302.0074,924.306,0.1001494,30184.88,1500.288,173.7702,28236.52,28410.29
2.699998,5.473711,7.497767,1.566726,0.1818016,172.1528,312.0927,937.7242,0.1034939,31092.92,1593.095,186.561,29038.96,29225.52
2.799998,5.632899,8.027748,1.538057,0.1867221,169.5128,320.5396,948.3347,0.106295,32015.3,1690.137,200.1637,29850.71,30050.87
2.899998,5.772991,8.573259,1.508994,0.1917884,166.8367,329.2368,958.6882,0.109179,32829.11,1778.1,212.6957,30564.02,30776.71
2.999998,5.931402,9.133414,1.48186,0.1967059,164.2809,337.6785,968.2064,0.1119784,33751.91,1880.417,227.504,31369.69,31597.2
3.099998,6.076381,9.708907,1.454298,0.2020001,161.5759,346.7668,977.8936,0.1149922,34598.59,1976.761,241.6789,32105.84,32347.52
3.199998,6.222023,10.29888,1.429675,0.2067368,159.1972,354.8982,986.0904,0.1176887,35451.8,2076.206,256.5396,32844.74,33101.28
3.299998,6.3598,10.90311,1.404461,0.2115171,156.8366,363.1044,993.931,0.12041,36261.13,2172.722,271.1839,33542.91,33814.09
3.399997,6.499778,11.52145,1.380722,0.21615,154.5872,371.0575,1001.134,0.1230473,37085.66,2273.226,286.6608,34251.47,34538.13
3.499997,6.640055,12.15364,1.356239,0.2205793,152.472,378.6611,1007.67,0.1255688,37914.31,2376.441,302.795,34960.78,35263.57
3.599997,6.769404,12.79919,1.335197,0.2251711,150.3158,386.5438,1014.099,0.1281828,38680.42,2473.844,318.2419,35614.04,35932.28
3.699997,6.902801,13.45787,1.313709,0.2294967,148.3184,393.9693,1019.846,0.1306452,39472.7,2576.546,334.7578,36287.1,36621.86
3.799997,7.03433,14.12995,1.291834,0.233834,146.3484,401.415,1025.319,0.1331142,40256.01,2680.06,351.6394,36950,37301.64
3.899997,7.158664,14.81498,1.271753,0.2381676,144.4128,408.8543,1030.508,0.1355812,40998.45,2779.988,368.1592,37576,37944.16
3.999997,7.284679,15.51263,1.251703,0.2425063,142.5072,416.3025,1035.436,0.1380511,41752.93,2883.326,385.4688,38209.84,38595.31
4.099997,7.411419,16.2227,1.232246,0.2464084,140.8209,423.001,1039.647,0.1402725,42514.12,2989.406,403.4744,38846.95,39250.42
4.199997,7.531066,16.94531,1.213516,0.2506778,139.0054,430.3303,1044.025,0.1427029,43234.35,3091.478,421.0264,39447.55,39868.58
4.299997,7.651033,17.67999,1.196429,0.2547193,137.3148,437.2682,1047.955,0.1450036,43958.55,3195.759,439.1837,40049.31,40488.49
4.399997,7.773957,18.42641,1.178479,0.2585534,135.7361,443.85,1051.499,0.1471862,44702.71,3304.628,458.3802,40665.41,41123.79
4.499997,7.887065,19.18495,1.16161,0.2626465,134.0772,450.8764,1055.091,0.1495163,45389.11,3406.598,476.5835,41231.64,41708.22
4.599997,8.002787,19.95502,1.14556,0.2664874,132.5451,457.4701,1058.288,0.1517029,46093.33,3512.745,495.7573,41810.54,42306.3
4.699996,8.121162,20.73634,1.129342,0.2700432,131.1478,463.5742,1061.103,0.153727,46815.8,3623.244,515.9584,42402.32,42918.27
4.799996,8.229849,21.52928,1.113844,0.2739005,129.6545,470.1959,1064.005,0.1559229,47480.7,3726.387,535.0385,42944.98,43480.02
4.899996,8.338457,22.33323,1.09889,0.2776174,128.2375,476.5765,1066.658,0.1580388,48146.91,3831.106,554.6262,43486.88,44041.5
4.999996,8.44859,23.14827,1.084114,0.2813194,126.8472,482.9317,1069.163,0.1601462,48824.21,3938.976,575.0291,44035.9,44610.93
5.099996,8.558902,23.97406,1.069994,0.2849006,125.522,489.0793,1071.461,0.1621848,49504.46,4048.741,596.0242,44585.39,45181.41
5.199996,8.664971,24.81052,1.05666,0.2885016,124.2087,495.2611,1073.652,0.1642348,50160.23,4155.911,616.7494,45113.28,45730.03
5.299996,8.769199,25.65768,1.042592,0.2919584,122.966,501.1953,1075.646,0.1662027,50806.37,4262.797,637.6407,45631.64,46269.28
5.399996,8.869246,26.51514,1.029984,0.2954202,121.7389,507.1379,1077.539,0.1681733,51428.15,4366.867,658.1919,46128.8,46786.99
5.499996,8.977479,27.38288,1.01729,0.2988178,120.5512,512.9705,1079.298,0.1701074,52102.56,4481.067,680.978,46666.23,47347.2
5.599996,9.076571,28.26087,1.005173,0.3022611,119.3641,518.8816,1080.984,0.1720676,52721.63,4587.128,702.3618,47157.85,47860.21
5.699996,9.178249,29.1489,0.9928398,0.3056704,118.205,524.7341,1082.561,0.1740084,53358.48,4697.446,724.8266,47661.92,48386.75
5.799995,9.27321,30.04693,0.9804277,0.308875,117.1299,530.2354,1083.962,0.1758327,53954.84,4801.872,746.3011,48132.38,48878.68
5.899995,9.373466,30.95463,0.9694675,0.3122044,116.0277,535.9509,1085.336,0.177728,54586.01,4913.556,769.4891,48628.67,49398.16
5.999995,9.468117,31.87201,0.9580255,0.3153394,115.0034,541.3326,1086.556,0.1795127,55183.46,5020.387,791.885,49096.89,49888.77
6.099995,9.564996,32.79904,0.9469664,0.3183963,114.0169,546.5804,1087.679,0.1812529,55796.55,5131.125,815.3183,49575.81,50391.13
6.199995,9.659349,33.73558,0.9362847,0.3216726,112.9731,552.2046,1088.811,0.183118,56395.1,5240.329,838.6443,50041.82,50880.47
6.299995,9.748103,34.68158,0.9257047,0.3247811,111.9954,557.5409,1089.819,0.1848876,56959.55,5344.303,861.054,50479.89,51340.95
6.399995,9.844242,35.63663,0.9155053,0.3278967,111.0277,562.8894,1090.766,0.1866612,57572.48,5458.274,885.8384,50954.08,51839.92
6.499995,9.933592,36.60081,0.905744,0.330804,110.1356,567.8801,1091.595,0.1883162,58143.68,5565.493,909.3659,51394.51,52303.88
6.599995,10.02053,37.57409,0.8962512,0.333878,109.2034,573.1572,1092.414,0.1900661,58700.74,5670.999,932.7163,51822.72,52755.43
6.699995,10.10937,38.55628,0.8863836,0.3368462,108.3142,578.2527,1093.152,0.1917558,59271.33,5780.017,957.048,52259.96,53217.01
6.799994,10.20162,39.54736,0.8770815,0.3397717,107.4481,583.2747,1093.828,0.1934212,59865.43,5894.544,982.831,52713.75,53696.58
6.899994,10.2877,40.54737,0.8680305,0.3427728,106.57,588.4266,1094.472,0.1951296,60421.09,6002.614,1007.371,53136.82,54144.19
6.999994,10.37196,41.556,0.8590249,0.3455239,105.7742,593.1494,1095.017,0.1966958,60966.44,6109.56,1031.853,53550.75,54582.6
7.099994,10.46111,42.5733,0.8504028,0.3485494,104.9089,598.3431,1095.57,0.1984181,61544.7,6223.909,1058.245,53988.27,55046.52
7.199994,10.54138,43.59898,0.8416804,0.3513203,104.1255,603.0999,1096.034,0.1999955,62066.75,6327.984,1082.462,54382.02,55464.48
7.299994,10.627,44.633,0.8337244,0.3540528,103.3614,607.7907,1096.452,0.201551,62624.9,6440.137,1108.762,54801.73,55910.5
7.399994,10.70991,45.67545,0.8252052,0.3568693,102.5823,612.6255,1096.844,0.2031543,63166.71,6549.875,1134.702,55207.88,56342.58
7.499994,10.79185,46.72621,0.8172243,0.3597187,101.8028,617.5172,1097.2,0.2047765,63703.48,6659.432,1160.799,55608.99,56769.79
7.599994,10.87435,47.78495,0.8095425,0.362234,101.1219,621.835,1097.483,0.2062083,64245.36,6770.88,1187.553,56012.67,57200.22
7.699994,10.95288,48.85198,0.8016536,0.3651076,100.3522,626.7681,1097.769,0.2078442,64762.22,6877.978,1213.457,56396.52,57609.98
7.799994,11.03397,49.92685,0.7943084,0.3676548,99.67705,631.1407,1097.991,0.2092942,65297.34,6989.669,1240.673,56792.74,58033.41
7.899993,11.10844,51.00984,0.7867491,0.3704283,98.94952,635.9019,1098.199,0.210873,65789.91,7093.209,1266.087,57156.35,58422.44
7.999993,11.18935,52.10058,0.7793183,0.3729772,98.28778,640.2775,1098.361,0.212324,66326.41,7206.767,1294.158,57551.23,58845.39
8.099996,11.26767,53.19903,0.7723832,0.3755382,97.62942,644.674,1098.495,0.213782,66846.96,7317.746,1321.797,57933.17,59254.96
8.199998,11.34095,54.30535,0.7653312,0.3780552,96.98871,648.9947,1098.6,0.2152148,67335.13,7422.525,1348.075,58290.27,59638.34
8.3,11.42016,55.4193,0.7583071,0.3806271,96.34039,653.4098,1098.681,0.2166789,67864.07,7536.816,1376.938,58676.05,60052.99
8.400002,11.49694,56.54086,0.7517769,0.3832569,95.68406,657.9244,1098.735,0.218176,68378.01,7648.633,1405.379,59049.74,60455.12
8.500005,11.57254,57.6699,0.7451822,0.3855962,95.10579,661.9402,1098.761,0.2195077,68885.34,7759.745,1433.839,59417.51,60851.35
8.600007,11.64588,58.8063,0.7387822,0.3881343,94.48418,666.2972,1098.764,0.2209525,69378.63,7868.481,1461.88,59774.01,61235.89
8.700009,11.71735,59.95031,0.7321695,0.3907028,93.86121,670.7065,1098.743,0.2224147,69860.39,7975.341,1489.619,60121.18,61610.8
8.800012,11.7922,61.1015,0.7261215,0.3930016,93.30878,674.6528,1098.703,0.2237233,70366.27,8088.249,1519.123,60484.63,62003.75
8.900014,11.86139,62.25985,0.7199175,0.3954479,92.7262,678.8523,1098.639,0.2251159,70834.91,8193.492,1546.804,60820.34,62367.14
9.000016,11.93597,63.42548,0.7137054,0.3978968,92.14838,683.0561,1098.554,0.22651,71341.2,8307.879,1577.085,61181.96,62759.04
9.100019,12.00647,64.59826,0.7078683,0.4002331,91.60204,687.0668,1098.453,0.22784,71820.98,8416.938,1606.145,61523.61,63129.75
9.200021,12.07569,65.77821,0.7020043,0.4026377,91.04472,691.1948,1098.329,0.2292089,72293.13,8524.892,1635.092,61858.84,63493.94
9.300023,12.14586,66.96514,0.696335,0.4049973,90.50273,695.2454,1098.189,0.2305521,72772.84,8635.206,1664.857,62198.46,63863.32
9.400025,12.21644,68.15914,0.6903612,0.4072856,89.98166,699.1736,1098.036,0.2318547,73256.53,8747.091,1695.235,62539.9,64235.13
9.500028,12.28615,69.35995,0.6848195,0.4095638,89.46727,703.0846,1097.866,0.2331517,73735.38,8858.494,1725.673,62876.92,64602.59
9.60003,12.35257,70.5677,0.6793473,0.4118161,88.96302,706.951,1097.681,0.2344339,74192.66,8965.466,1755.078,63197.8,64952.88
9.700032,12.41989,71.78219,0.6740449,0.4141114,88.45347,710.8912,1097.477,0.2357405,74657.21,9074.735,1785.293,63522.88,65308.17
9.800035,12.48797,73.0034,0.6687996,0.4163726,87.95569,714.7729,1097.26,0.2370277,75128.03,9186.085,1816.269,63851.39,65667.66
9.900037,12.55364,74.23121,0.663673,0.4185863,87.47237,718.5732,1097.032,0.2382879,75583.29,9294.331,1846.56,64168.11,66014.67
10.00004,12.62119,75.46568,0.6583926,0.4208185,86.98901,722.405,1096.788,0.2395586,76052.67,9406.525,1878.14,64493.71,66371.85
10.10004,12.68694,76.70677,0.6535597,0.4229911,86.52234,726.1347,1096.536,0.2407954,76510.54,9516.55,1909.291,64810.41,66719.7
10.20004,12.75262,77.95447,0.6482868,0.4251598,86.06019,729.8577,1096.271,0.24203,76969.05,9627.302,1940.829,65126.63,67067.46
10.30005,12.81586,79.20866,0.6434048,0.4273342,85.60049,733.5903,1095.992,0.2432678,77411.48,9734.712,1971.59,65430.87,67402.46
10.40005,12.87926,80.46921,0.6386256,0.4294494,85.15678,737.2216,1095.707,0.2444719,77856.02,9843.169,2002.823,65735.71,67738.53
10.50005,12.94243,81.73616,0.6337753,0.4315588,84.71769,740.8427,1095.412,0.2456727,78299.95,9952.019,2034.341,66039.3,68073.64
10.60005,13.00588,83.00942,0.6293181,0.4337246,84.27036,744.5605,1095.096,0.2469056,78746.85,10062.13,2066.401,66344.04,68410.44
10.70006,13.06804,84.28897,0.6246012,0.4357856,83.84788,748.0986,1094.784,0.2480789,79185.72,10170.78,2098.209,66642.42,68740.63
10.80006,13.12908,85.57476,0.6199744,0.4378643,83.42496,751.6671,1094.458,0.2492622,79617.6,10278.2,2129.829,66935.25,69065.08
10.90006,13.19191,86.86686,0.6154192,0.4399469,83.00442,755.2422,1094.12,0.2504478,80063.13,10389.55,2162.777,67236.47,69399.24
11.00006,13.25306,88.16496,0.6112082,0.4420146,82.58997,758.7917,1093.773,0.2516249,80497.76,10498.69,2195.243,67529.48,69724.73
11.10006,13.31644,89.46915,0.6068961,0.4440014,82.19464,762.2024,1093.431,0.2527559,80949.27,10612.6,2229.312,67833.01,70062.32
11.20007,13.37412,90.77952,0.6024317,0.4460357,81.79274,765.6946,1093.069,0.2539139,81361.08,10716.97,2260.692,68109.06,70369.76
11.30007,13.43598,92.09582,0.5982456,0.4480079,81.40588,769.0801,1092.71,0.2550366,81803.72,10829.66,2294.745,68404.96,70699.7
11.40007,13.49637,93.41819,0.5940349,0.4500405,81.00999,772.5696,1092.329,0.2561938,82236.85,10940.43,2328.394,68693.66,71022.05
11.50007,13.55333,94.74644,0.5900922,0.4519277,80.64499,775.8093,1091.968,0.2572681,82646.3,11045.59,2360.504,68965.82,71326.33
11.60008,13.61432,96.08064,0.5857573,0.4539706,80.25261,779.3163,1091.567,0.2584311,83085.63,11158.93,2395.281,69257.03,71652.31
11.70008,13.67209,97.42076,0.5818843,0.4559389,79.87722,782.6951,1091.171,0.2595515,83502.73,11267.01,2428.613,69532.73,71961.34
11.80008,13.72863,98.76667,0.5778369,0.4578889,79.50787,786.0427,1090.771,0.2606616,83911.87,11373.47,2461.603,69802.43,72264.03
11.90008,13.78479,100.1184,0.5739291,0.4598086,79.14673,789.3382,1090.369,0.2617544,84319.08,11479.86,2494.732,70070.12,72564.85
12.00008,13.84363,101.4758,0.5701006,0.4616914,78.79488,792.5703,1089.967,0.2628262,84746.72,11592.05,2529.837,70350.45,72880.29
12.10009,13.90192,102.8389,0.5662944,0.4635745,78.44529,795.8029,1089.557,0.2638983,85171.36,11703.93,2565.019,70628.02,73193.04
12.20009,13.95631,104.2076,0.5625308,0.4654483,78.09969,799.0197,1089.141,0.2649649,85568.38,11808.96,2598.205,70886.83,73485.03
12.30009,14.01409,105.582,0.5589417,0.4672909,77.76205,802.1827,1088.725,0.2660139,85991.09,11921.24,2633.847,71161.63,73795.48
12.40009,14.06914,106.9619,0.5553008,0.4691722,77.41954,805.4122,1088.294,0.2670848,86394.79,12028.9,2668.188,71423.34,74091.53
12.5001,14.12266,108.3475,0.5515903,0.4710516,77.07957,808.6386,1087.855,0.2681547,86788.04,12134.18,2701.924,71677.58,74379.5
12.6001,14.17873,109.7386,0.547962,0.4728762,76.75165,811.7708,1087.423,0.2691934,87200.98,12245.16,2737.647,71943.8,74681.45
12.7001,14.23409,111.1351,0.5444435,0.4746532,76.43424,814.8213,1086.995,0.270205,87609.56,12355.4,2773.299,72206.47,74979.77
12.8001,14.28784,112.5371,0.5409518,0.4764623,76.11309,817.927,1086.554,0.2712349,88007.13,12463.09,2808.284,72461.37,75269.65
12.90011,14.34235,113.9445,0.5376492,0.4782759,75.79313,821.0403,1086.105,0.2722673,88411.29,12572.97,2844.144,72719.77,75563.91
13.00011,14.39376,115.3572,0.5342861,0.4800536,75.48143,824.092,1085.658,0.2732792,88793.25,12677.2,2878.309,72963.3,75841.62
13.10011,14.44956,116.7752,0.5308051,0.4818142,75.17461,827.1144,1085.211,0.2742815,89208.7,12790.99,2915.774,73227.48,76143.26
13.20011,14.49923,118.1986,0.5275345,0.4836725,74.85275,830.3044,1084.732,0.2753394,89579.27,12892.87,2949.467,73462.51,76411.98
13.30011,14.55434,119.6272,0.5243472,0.4853866,74.55764,833.2469,1084.285,0.2763152,89991.38,13006.57,2987.232,73723.16,76710.4
13.40012,14.60608,121.0611,0.5210777,0.487129,74.25942,836.2382,1083.824,0.2773071,90379.13,13113.95,3023.054,73967.71,76990.77
13.50012,14.65763,122.5003,0.5178439,0.4888921,73.95944,839.2648,1083.353,0.2783107,90766.29,13221.54,3059.101,74211.21,77270.31
13.60012,14.71028,123.9445,0.5147647,0.4905979,73.67091,842.1931,1082.892,0.2792818,91162.58,13332.06,3096.29,74459.78,77556.07
13.70012,14.76135,125.394,0.511493,0.4922974,73.38509,845.1106,1082.427,0.2802493,91547.83,13439.89,3132.726,74700.77,77833.5
13.80013,14.81232,126.8486,0.5084277,0.4940278,73.09576,848.0811,1081.949,0.2812344,91933.16,13548.11,3169.45,74941.16,78110.62
13.90013,14.86244,128.3082,0.5055497,0.4956779,72.82142,850.9137,1081.489,0.2821737,92312.81,13655.1,3205.908,75177.38,78383.28
14.00013,14.91278,129.7729,0.5024542,0.4973958,72.53741,853.8627,1081.004,0.2831516,92695.02,13763.18,3242.887,75414.52,78657.41
14.10013,14.96255,131.2426,0.4994951,0.4990377,72.26746,856.6815,1080.537,0.2840863,93073.68,13870.62,3279.799,75648.83,78928.63
14.20014,15.01343,132.7174,0.4964584,0.5007247,71.99166,859.5774,1080.052,0.2850466,93461.58,13981.04,3317.894,75888.2,79206.09
14.30014,15.06168,134.1971,0.4935234,0.5023717,71.72387,862.4048,1079.574,0.2859842,93830.34,14086.36,3354.376,76115.15,79469.52
14.40014,15.11144,135.6818,0.4906465,0.504061,71.45073,865.3048,1079.079,0.2869459,94211.3,14195.53,3392.342,76348.99,79741.34
14.50014,15.16005,137.1713,0.487926,0.5056772,71.19086,868.0791,1078.601,0.2878659,94584.38,14302.79,3429.791,76577.38,80007.16
14.60014,15.20996,138.6658,0.4849582,0.5072424,70.94046,870.7662,1078.135,0.288757,94968.18,14413.48,3468.595,76811.67,80280.27
14.70015,15.2568,140.1651,0.4822586,0.5088655,70.68221,873.5524,1077.647,0.289681,95329.27,14517.95,3505.365,77031.5,80536.87
14.80015,15.30435,141.6692,0.4794537,0.5104679,70.42857,876.3032,1077.161,0.2905931,95696.47,14624.53,3543.017,77254.46,80797.48
14.90015,15.35254,143.178,0.4767123,0.5120687,70.17654,879.0513,1076.672,0.2915044,96069.48,14733.13,3581.535,77480.34,81061.88
15.00015,15.39947,144.6916,0.4741131,0.5136582,69.92759,881.7799,1076.183,0.2924093,96433.45,14839.43,3619.381,77700.16,81319.55
15.10016,15.44705,146.21,0.4713215,0.5152769,69.67538,884.5587,1075.681,0.2933308,96803.27,14947.77,3658.099,77922.93,81581.03
15.20016,15.49564,147.7331,0.4686815,0.5167909,69.4407,887.1577,1075.208,0.2941926,97181.77,15058.99,3698.004,78150.29,81848.3
15.30016,15.54096,149.2609,0.4660778,0.5184215,69.18924,889.9569,1074.694,0.2951209,97535.49,15163.26,3735.556,78362.2,82097.75
15.40016,15.58534,150.7933,0.4635332,0.5199136,68.9603,892.5183,1074.221,0.2959703,97882.6,15265.87,3772.647,78569.61,82342.26
15.50016,15.63425,152.3303,0.4609917,0.5214692,68.7228,895.1887,1073.724,0.2968558,98266,15379.55,3813.888,78798.12,82612.01
15.60017,15.68058,153.8721,0.4583776,0.5229996,68.4903,897.816,1073.232,0.297727,98629.93,15487.78,3853.305,79014.4,82867.7
15.70017,15.72545,155.4184,0.455919,0.5245528,68.25553,900.4823,1072.73,0.2986113,98983.19,15593.15,3891.82,79223.77,83115.59
15.80017,15.77129,156.9693,0.4534365,0.5261238,68.01926,903.1791,1072.218,0.2995055,99344.77,15701.31,3931.496,79437.52,83369.02
15.90017,15.81551,158.5245,0.4511138,0.5276045,67.79764,905.7211,1071.733,0.3003485,99694.37,15806.18,3970.106,79643.63,83613.73
16.00018,15.86265,160.0843,0.4486766,0.5291271,67.57087,908.3348,1071.23,0.3012153,100067.8,15918.52,4011.615,79863.18,83874.8
16.10018,15.90285,161.6485,0.4465533,0.5306049,67.35183,910.8717,1070.74,0.3020565,100386.9,16014.78,4047.304,80050.33,84097.63
16.20018,15.95045,163.2171,0.4442211,0.5317824,67.17802,912.8932,1070.347,0.3027268,100765.5,16129.3,4089.912,80271.8,84361.71
16.30018,15.99363,164.7903,0.4414447,0.5335147,66.92354,915.867,1069.766,0.303713,101109.7,16233.74,4128.914,80472.61,84601.52
16.40018,16.03832,166.3679,0.4390571,0.5349724,66.71048,918.3693,1069.274,0.3045428,101466.8,16342.36,4169.622,80680.33,84849.95
16.50019,16.08088,167.95,0.4367463,0.5365231,66.48491,921.0314,1068.747,0.3054256,101807.5,16446.3,4208.709,80878.02,85086.73
16.60019,16.12483,169.5363,0.4345093,0.5378906,66.28691,923.3789,1068.28,0.306204,102160.1,16554.13,4249.4,81082.04,85331.44
16.70019,16.16879,171.1272,0.4321388,0.5393308,66.07932,925.8512,1067.786,0.3070239,102513.4,16662.51,4290.439,81285.98,85576.42
16.80019,16.21341,172.7222,0.4299111,0.5407866,65.87045,928.3502,1067.284,0.3078526,102872.9,16773.08,4332.453,81492.91,85825.37
16.9002,16.25602,174.3217,0.4276942,0.542271,65.65843,930.8985,1066.769,0.3086976,103216.9,16879.15,4372.903,81690.39,86063.3
17.0002,16.2986,175.9253,0.4255162,0.5436679,65.45984,933.2965,1066.282,0.3094929,103561.5,16985.69,4413.663,81887.66,86301.32
17.1002,16.3411,177.5333,0.4232881,0.5450598,65.26281,935.686,1065.794,0.3102852,103906,17092.49,4454.662,82084.38,86539.05
17.2002,16.37788,179.1455,0.4211457,0.5464868,65.06172,938.1356,1065.292,0.3110976,104204.8,17185.34,4490.419,82254.56,86744.98
17.30021,16.42371,180.7617,0.4191144,0.5479126,64.86169,940.5833,1064.787,0.3119092,104577.8,17301.54,4535.308,82466.47,87001.77
17.40021,16.46502,182.3823,0.4168815,0.5493218,64.66486,943.0024,1064.286,0.3127114,104914.9,17406.81,4576.118,82657.41,87233.52
17.50021,16.50896,184.0069,0.4147438,0.5506723,64.47705,945.3208,1063.804,0.3134802,105274.1,17519.31,4619.871,82860.37,87480.23
17.60021,16.55029,185.6358,0.4126844,0.5520201,64.29041,947.6345,1063.321,0.3142475,105612.7,17625.63,4661.365,83051.17,87712.54
17.70021,16.59022,187.2689,0.4105791,0.553426,64.09654,950.048,1062.815,0.3150479,105940.5,17728.82,4701.763,83235.41,87937.17
17.80022,16.63139,188.906,0.4085378,0.5547668,63.91246,952.3497,1062.33,0.3158111,106279.1,17835.66,4743.728,83425.22,88168.95
17.90022,16.67305,190.5472,0.4064398,0.5561475,63.72369,954.7198,1061.828,0.316597,106622.6,17944.29,4786.528,83617.22,88403.75
18.00022,16.7127,192.1925,0.4044524,0.5574893,63.541,957.0233,1061.339,0.3173609,106950.1,18048.15,4827.581,83799.84,88627.42
18.10022,16.75277,193.8418,0.402524,0.5589015,63.34956,959.4475,1060.821,0.3181649,107281.8,18153.57,4869.381,83984.29,88853.67
18.20023,16.792,195.4951,0.4005637,0.5602301,63.1702,961.7284,1060.333,0.3189212,107607.1,18257.23,4910.611,84164.76,89075.37
18.30023,16.83254,197.1525,0.3985331,0.5615809,62.98862,964.0472,1059.834,0.3196902,107944.1,18364.84,4953.544,84351.17,89304.72
18.40023,16.87297,198.8138,0.3965955,0.5629149,62.81001,966.3373,1059.339,0.3204496,108280.8,18472.63,4996.688,84536.97,89533.66
18.50023,16.91205,200.4792,0.3947028,0.5642172,62.63638,968.5728,1058.854,0.3211909,108607,18577.29,5038.706,84716.44,89755.14
18.60023,16.95073,202.1484,0.3927533,0.5655459,62.45992,970.8538,1058.358,0.3219473,108930.5,18681.33,5080.603,84893.98,89974.59
18.70024,16.99063,203.8216,0.3909029,0.566789,62.29548,972.9878,1057.892,0.322655,109264.8,18789.12,5124.141,85077.04,90201.18
18.80024,17.02942,205.4987,0.3889677,0.5681195,62.12018,975.2717,1057.391,0.3234124,109590.6,18894.36,5166.782,85254.88,90421.66
18.90024,17.06887,207.1796,0.3871208,0.569406,61.95134,977.4802,1056.905,0.3241447,109922.6,19001.9,5210.485,85435.7,90646.18
19.00024,17.10795,208.8645,0.3853427,0.5707409,61.77686,979.7719,1056.399,0.3249047,110252.1,19108.86,5254.087,85614.66,90868.74
19.10025,17.14612,210.5531,0.3835093,0.5719609,61.61802,981.8662,1055.936,0.3255992,110574.7,19213.79,5296.986,85789.35,91086.34
19.20025,17.18326,212.2457,0.3816533,0.5732974,61.44468,984.1606,1055.426,0.32636,110889.2,19316.35,5339.035,85959.27,91298.31
19.30025,17.22268,213.942,0.37986,0.5745528,61.28249,986.3157,1054.945,0.3270746,111223.7,19425.65,5383.983,86139.51,91523.49
19.40025,17.26084,215.6421,0.3780437,0.5758044,61.12142,988.4642,1054.464,0.3277871,111548.1,19531.9,5427.81,86313.85,91741.66
19.50026,17.29752,217.3461,0.3762543,0.5770968,60.95573,990.6829,1053.966,0.3285229,111860.6,19634.47,5470.239,86481.36,91951.6
19.60026,17.33401,219.0539,0.3744829,0.5783437,60.7965,992.8233,1053.484,0.3292327,112172.1,19736.93,5512.74,86647.88,92160.63
19.70026,17.37187,220.7653,0.3727813,0.5795686,60.64064,994.9261,1053.009,0.32993,112496,19843.69,5557.156,86820.59,92377.75
19.80026,17.4093,222.4804,0.3710746,0.5808005,60.48447,997.0409,1052.529,0.3306313,112816.7,19949.67,5601.37,86991.2,92592.56
19.90026,17.44682,224.1993,0.3692952,0.5820196,60.33051,999.1337,1052.054,0.3313253,113139.1,20056.38,5646.021,87162.16,92808.19
20.00027,17.48275,225.9218,0.3676521,0.5832416,60.17672,1001.231,1051.575,0.3320209,113448.3,20158.98,5689.072,87325.79,93014.86
20.10027,17.51923,227.6481,0.3659049,0.5845132,60.01732,1003.414,1051.076,0.3327448,113762.9,20263.57,5733.081,87491.78,93224.86
20.20027,17.55753,229.3779,0.3643065,0.5857109,59.86772,1005.47,1050.605,0.3334266,114094,20373.85,5779.615,87665.97,93445.59
20.30027,17.59321,231.1115,0.3625938,0.5869589,59.7124,1007.613,1050.112,0.334137,114403,20477.03,5823.275,87828.17,93651.45
20.40028,17.6284,232.8487,0.361005,0.5881452,59.56531,1009.649,1049.642,0.3348124,114708.4,20579.2,5866.623,87988.05,93854.67
20.50028,17.66579,234.5895,0.3593531,0.5893739,59.4135,1011.759,1049.154,0.3355119,115033.5,20688.2,5913.001,88157.82,94070.82
20.60028,17.70116,236.3339,0.3576806,0.5905793,59.2651,1013.828,1048.674,0.3361981,115341.8,20791.75,5957.184,88318.36,94275.55
20.70028,17.73554,238.082,0.3560782,0.5917394,59.1228,1015.819,1048.211,0.3368585,115641.9,20892.76,6000.397,88474.23,94474.63
20.80029,17.77244,239.8335,0.3545176,0.5928718,58.98436,1017.763,1047.758,0.3375031,115964.8,21001.65,6047.108,88641.51,94688.62
20.90029,17.80722,241.5885,0.3529342,0.5941187,58.83245,1019.904,1047.257,0.3382128,116269.7,21104.69,6091.43,88799.05,94890.48
21.00029,17.84204,243.3472,0.3513402,0.5952936,58.68981,1021.921,1046.785,0.3388818,116575.5,21208.24,6136.089,88956.65,95092.73
21.10029,17.87737,245.1092,0.3498596,0.5964611,58.54859,1023.925,1046.314,0.3395463,116886.5,21313.76,6181.723,89116.52,95298.25
21.20029,17.91348,246.8748,0.348262,0.5976139,58.40961,1025.904,1045.847,0.3402025,117205,21422.01,6228.658,89279.76,95508.41
21.3003,17.9479,248.644,0.34668,0.5987865,58.26873,1027.917,1045.372,0.3408701,117509.3,21525.67,6273.729,89435.35,95709.08
21.4003,17.98116,250.4165,0.3451762,0.5999092,58.13429,1029.844,1044.916,0.3415093,117803.8,21626.17,6317.536,89585.54,95903.08
21.5003,18.01587,252.1925,0.3436687,0.6010634,57.99655,1031.825,1044.445,0.3421663,118111.9,21731.49,6363.566,89742.25,96105.81
21.6003,18.05075,253.972,0.3421808,0.602232,57.85756,1033.832,1043.968,0.3428316,118422.1,21837.77,6410.129,89899.63,96309.77
21.70031,18.08543,255.7549,0.3406794,0.6033866,57.7207,1035.814,1043.496,0.3434888,118731.1,21943.82,6456.721,90055.98,96512.7
21.80031,18.11876,257.5412,0.3392504,0.6045342,57.58514,1037.784,1043.025,0.3441421,119028.6,22046.15,6501.791,90206.16,96707.95
21.90031,18.15155,259.3308,0.3377658,0.6056187,57.45743,1039.646,1042.579,0.3447595,119322,22147.2,6546.412,90353.83,96900.24
22.00031,18.18669,261.1239,0.3362841,0.6067545,57.32412,1041.595,1042.111,0.3454061,119637,22255.94,6594.545,90512.01,97106.55
22.10032,18.21924,262.9203,0.3348586,0.6078636,57.19438,1043.499,1041.652,0.3460374,119929.3,22357.03,6639.413,90658.42,97297.84
22.20032,18.25373,264.72,0.333394,0.6089768,57.06456,1045.41,1041.192,0.3466712,120239.8,22464.58,6687.268,90813.48,97500.74
22.30032,18.28567,266.523,0.3319931,0.6101379,56.92963,1047.403,1040.71,0.3473321,120527.8,22564.54,6731.857,90956.95,97688.8
22.40032,18.31955,268.3295,0.3305473,0.6112083,56.80562,1049.241,1040.265,0.3479415,120834,22670.99,6779.456,91109.05,97888.51
22.50032,18.35249,270.1392,0.3291509,0.6122782,56.68206,1051.078,1039.819,0.3485505,121132.3,22774.9,6826.036,91256.86,98082.9
22.60033,18.38418,271.9522,0.327782,0.613438,56.54855,1053.068,1039.335,0.3492107,121419.9,22875.24,6871.125,91398.98,98270.1
22.70033,18.41715,273.7685,0.3263807,0.6144862,56.42826,1054.868,1038.896,0.3498075,121719.6,22980.01,6918.32,91546.74,98465.06
22.80033,18.45019,275.588,0.3250048,0.6155775,56.30343,1056.741,1038.439,0.3504287,122020.6,23085.4,6965.915,91694.73,98660.64
22.90033,18.48181,277.4108,0.3236259,0.6166623,56.17971,1058.604,1037.983,0.3510463,122309.2,23186.65,7011.745,91836.27,98848.01
23.00034,18.51461,279.2368,0.3222838,0.6177287,56.05848,1060.434,1037.534,0.3516533,122609.1,23292.06,7059.582,91983.02,99042.59
23.10034,18.54755,281.066,0.3209613,0.6188563,55.9307,1062.37,1037.059,0.3522952,122911.1,23398.34,7107.926,92130.29,99238.22
23.20034,18.58005,282.8985,0.3195783,0.6198854,55.81442,1064.137,1036.624,0.3528811,123209.6,23503.62,7155.932,92275.53,99431.46
23.30034,18.61205,284.7342,0.3182823,0.620948,55.69474,1065.961,1036.174,0.353486,123504.1,23607.66,7203.489,92418.45,99621.95
23.40034,18.64328,286.5731,0.3169294,0.6220396,55.57216,1067.835,1035.711,0.3541074,123792.1,23709.57,7250.187,92557.85,99808.04
23.50035,18.67545,288.4151,0.315615,0.6230947,55.45403,1069.646,1035.263,0.354708,124089.2,23814.9,7298.56,92701.3,99999.86
23.60035,18.70524,290.2604,0.3143343,0.624139,55.33748,1071.439,1034.818,0.3553025,124365.1,23912.85,7343.65,92834.12,100177.8
23.70035,18.73684,292.1087,0.3130479,0.6251658,55.22322,1073.201,1034.38,0.355887,124658.3,24017.11,7391.756,92974.91,100366.7
23.80035,18.76795,293.96,0.3117922,0.6262001,55.10845,1074.977,1033.938,0.3564758,124947.4,24120.12,7439.394,93113.42,100552.8
23.90036,18.7994,295.8145,0.3104923,0.6272483,54.99247,1076.776,1033.49,0.3570725,125240.4,24224.64,7487.844,93253.37,100741.2
24.00036,18.83123,297.6722,0.3092715,0.6283127,54.87508,1078.604,1033.033,0.3576784,125537.4,24330.81,7537.174,93394.9,100932.1
24.10036,18.86049,299.533,0.3079689,0.6293159,54.76475,1080.326,1032.603,0.3582496,125811,24428.78,7582.8,93524.95,101107.7
24.20036,18.89186,301.3968,0.3067369,0.6303442,54.65199,1082.091,1032.16,0.3588349,126104.9,24534.16,7631.986,93664.25,101296.2
24.30037,18.92229,303.2637,0.3054976,0.6313426,54.54282,1083.805,1031.73,0.3594033,126390.6,24636.77,7679.987,93799.31,101479.3
24.40037,18.95279,305.1336,0.3042466,0.6323779,54.42994,1085.582,1031.283,0.3599926,126677.5,24739.99,7728.382,93934.61,101663
24.50037,18.98325,307.0066,0.3030732,0.6333671,54.32239,1087.28,1030.855,0.3605558,126964.6,24843.45,7777.007,94069.66,101846.7
24.60037,19.01298,308.8826,0.3018574,0.6343867,54.21186,1089.03,1030.414,0.3611362,127245.5,24944.79,7824.737,94201.39,102026.1
24.70037,19.04448,310.7617,0.3005928,0.6354321,54.09884,1090.825,1029.96,0.3617313,127543.6,25052.57,7875.616,94340.9,102216.5
24.80038,19.07416,312.6437,0.299432,0.6364222,53.99212,1092.525,1029.53,0.3622949,127825.1,25154.49,7923.836,94472.24,102396.1
24.90038,19.10439,314.5288,0.2982201,0.6374296,53.88383,1094.254,1029.092,0.3628684,128112.3,25258.65,7973.228,94605.91,102579.1
25.00038,19.1333,316.4168,0.2970864,0.6384133,53.77839,1095.943,1028.663,0.3634284,128387.5,25358.62,8020.735,94733.66,102754.4
25.10038,19.16383,318.3078,0.2958725,0.6393855,53.67448,1097.612,1028.239,0.3639818,128678.8,25464.57,8071.193,94868.52,102939.7
25.20039,19.19223,320.2018,0.2947229,0.6404141,53.56482,1099.378,1027.789,0.3645674,128950.3,25563.47,8118.398,94993.87,103112.3
25.30039,19.22279,322.0987,0.2935722,0.6413865,53.46146,1101.047,1027.363,0.365121,129243,25670.27,8169.487,95128.69,103298.2
25.40039,19.25217,323.9985,0.2924065,0.6423296,53.36147,1102.666,1026.95,0.3656579,129525,25773.35,8218.903,95258.24,103477.1
25.50039,19.27982,325.9014,0.2912215,0.6433174,53.25703,1104.362,1026.516,0.3662201,129790.9,25870.67,8265.653,95380.05,103645.7
25.6004,19.30887,327.8071,0.2900911,0.6442875,53.15475,1106.027,1026.089,0.3667724,130070.8,25973.24,8315.033,95507.95,103823
25.7004,19.33879,329.7156,0.2889591,0.6452575,53.05275,1107.692,1025.662,0.3673246,130359.6,26079.27,8366.192,95639.59,104005.8
25.8004,19.36833,331.6271,0.2878397,0.6462033,52.95355,1109.316,1025.245,0.367863,130645.4,26184.34,8416.999,95769.5,104186.5
25.9004,19.39618,333.5415,0.2867136,0.6471791,52.85149,1110.991,1024.814,0.3684185,130915.4,26283.76,8465.169,95891.9,104357.1
26.0004,19.42513,335.4587,0.2856312,0.6481385,52.7514,1112.638,1024.39,0.3689647,131196.5,26387.43,8515.509,96019.02,104534.5
26.10041,19.45341,337.3788,0.2845394,0.6490787,52.65358,1114.252,1023.973,0.3694999,131471.7,26489.05,8564.95,96143.14,104708.1
26.20041,19.48193,339.3017,0.2834626,0.6500093,52.557,1115.849,1023.56,0.3700296,131749.9,26591.92,8615.115,96268.27,104883.4
26.30041,19.50969,341.2274,0.2823834,0.6509702,52.45755,1117.499,1023.134,0.3705766,132021,26692.36,8664.188,96389.94,105054.1
26.40041,19.5386,343.156,0.2812842,0.6519222,52.35927,1119.133,1022.71,0.3711186,132304,26797.33,8715.584,96516.58,105232.2
26.50042,19.56515,345.0874,0.2802279,0.6528453,52.26422,1120.718,1022.299,0.3716441,132564.5,26894.09,8763.058,96632.84,105395.9
26.60042,19.59356,347.0216,0.2791501,0.6537798,52.16825,1122.322,1021.883,0.3721761,132843.7,26997.93,8814.107,96757.13,105571.2
26.70042,19.62197,348.9585,0.2780795,0.6547197,52.07197,1123.935,1021.463,0.3727111,133123.5,27102.15,8865.449,96881.36,105746.8
26.80042,19.65002,350.8983,0.2770461,0.6556619,51.9757,1125.553,1021.042,0.3732475,133400.4,27205.43,8916.435,97003.97,105920.4
26.90042,19.67678,352.8408,0.2759773,0.6565478,51.8854,1127.074,1020.645,0.3737518,133665,27304.27,8965.329,97120.84,106086.2
27.00043,19.70503,354.7861,0.2749024,0.6575038,51.78822,1128.715,1020.217,0.374296,133944.8,27408.93,9017.203,97244.09,106261.3
27.10043,19.73282,356.7342,0.2738536,0.6584201,51.6953,1130.288,1019.806,0.3748177,134220.7,27512.29,9068.54,97365.31,106433.9
27.20043,19.7605,358.6849,0.2728926,0.6592953,51.60678,1131.79,1019.413,0.3753159,134496,27615.58,9119.944,97485.96,106605.9
27.30043,19.78674,360.6384,0.2718375,0.6601941,51.51608,1133.333,1019.009,0.3758275,134757.5,27713.8,9168.923,97600.23,106769.2
27.40044,19.81413,362.5947,0.2708129,0.6611433,51.42055,1134.963,1018.581,0.3763679,135031,27816.68,9220.322,97719.44,106939.8
27.50044,19.84014,364.5536,0.2698313,0.662059,51.32861,1136.535,1018.168,0.3768892,135291.3,27914.7,9269.388,97832.59,107102
27.60044,19.86783,366.5152,0.2688093,0.6629174,51.24263,1138.008,1017.781,0.3773779,135568.8,28019.38,9321.897,97952.95,107274.8
27.70044,19.89501,368.4795,0.2677685,0.6638603,51.14843,1139.627,1017.355,0.3779145,135841.8,28122.51,9373.727,98071.02,107444.7
27.80045,19.9218,370.4465,0.2667754,0.664745,51.06027,1141.146,1016.954,0.3784182,136111.6,28224.53,9425.102,98187.38,107612.5
27.90045,19.94709,372.4162,0.2658269,0.6655921,50.97603,1142.6,1016.571,0.3789004,136366.6,28321.09,9473.818,98297.09,107770.9
28.00045,19.97499,374.3885,0.2648336,0.6665043,50.88557,1144.166,1016.157,0.3794197,136648.5,28427.99,9527.861,98418.05,107945.9
28.10045,20.00127,376.3636,0.2638538,0.6673747,50.79943,1145.66,1015.762,0.3799152,136914.6,28529.04,9579.041,98531.92,108111
28.20045,19.97438,378.3391,-0.2710024,0.6668532,50.851,1144.765,1015.999,0.3796184,137180,28535.94,9630.118,98539.68,108169.8
28.30046,19.9473,380.3119,-0.2709448,0.6659725,50.93828,1143.253,1016.398,0.379117,137447.8,28535.94,9681.474,98539.68,108221.2
28.40046,19.92,382.282,-0.2708871,0.6650642,51.0285,1141.694,1016.81,0.3785999,137718.2,28535.94,9733.175,98539.68,108272.9
28.50046,19.89322,384.2494,-0.2708319,0.664129,51.12163,1140.088,1017.233,0.3780675,137984,28535.94,9783.821,98539.68,108323.5
28.60046,19.86544,386.2141,-0.2707741,0.6632459,51.20979,1138.572,1017.632,0.3775648,138260.3,28535.94,9836.281,98539.68,108376
28.70047,19.8387,388.1761,-0.2707168,0.6623257,51.30188,1136.992,1018.048,0.377041,138526.8,28535.94,9886.728,98539.68,108426.4
28.80047,19.81149,390.1353,-0.2706618,0.6614246,51.39228,1135.446,1018.454,0.376528,138798.4,28535.94,9937.967,98539.68,108477.6
28.90047,19.78479,392.0919,-0.2706055,0.660524,51.48285,1133.9,1018.86,0.3760154,139065.6,28535.94,9988.19,98539.68,108527.9
29.00047,19.7579,394.0457,-0.2705486,0.6596293,51.57305,1132.364,1019.263,0.375506,139335.3,28535.94,10038.73,98539.68,108578.4
29.10048,19.73155,395.9969,-0.270495,0.6587321,51.66373,1130.823,1019.666,0.3749952,139599.9,28535.94,10088.15,98539.68,108627.8
29.20048,19.70432,397.9454,-0.270438,0.657815,51.75664,1129.249,1020.078,0.3744732,139874,28535.94,10139.18,98539.68,108678.9
29.30048,19.67673,399.8911,-0.2703808,0.6569361,51.8459,1127.74,1020.472,0.3739728,140152.2,28535.94,10190.79,98539.68,108730.5
29.40048,19.64944,401.8342,-0.2703247,0.6560239,51.93877,1126.174,1020.88,0.3734536,140427.8,28535.94,10241.76,98539.68,108781.4
29.50048,19.62248,403.7745,-0.2702692,0.6551142,52.03162,1124.613,1021.287,0.3729357,140700.8,28535.94,10292.07,98539.68,108831.8
29.60049,19.59628,405.7122,-0.2702172,0.654211,52.12404,1123.062,1021.69,0.3724215,140966.6,28535.94,10340.87,98539.68,108880.6
29.70049,19.56797,407.6471,-0.2701572,0.6532852,52.21901,1121.473,1022.103,0.3718945,141254.4,28535.94,10393.55,98539.68,108933.2
29.80049,19.54161,409.5793,-0.2701024,0.6523777,52.31234,1119.915,1022.508,0.3713779,141522.9,28535.94,10442.54,98539.68,108982.2
29.90049,19.51403,411.5088,-0.270046,0.6515036,52.40245,1118.415,1022.897,0.3708803,141804.3,28535.94,10493.71,98539.68,109033.4
30.0005,19.48789,413.4356,-0.2699912,0.6505855,52.49732,1116.839,1023.305,0.3703577,142071.6,28535.94,10542.15,98539.68,109081.8
30.1005,19.46035,415.3597,-0.2699347,0.6496868,52.59044,1115.296,1023.704,0.3698461,142353.7,28535.94,10593.1,98539.68,109132.8
30.2005,19.4336,417.2812,-0.2698805,0.6488041,52.68213,1113.78,1024.095,0.3693435,142628.3,28535.94,10642.52,98539.68,109182.2
30.3005,19.40673,419.1999,-0.2698265,0.6479065,52.77557,1112.24,1024.492,0.3688326,142904.7,28535.94,10692.1,98539.68,109231.8
30.40051,19.37978,421.116,-0.2697711,0.646999,52.8703,1110.682,1024.894,0.368316,143182.4,28535.94,10741.75,98539.68,109281.4
30.50051,19.35203,423.0293,-0.2697152,0.6461231,52.96196,1109.178,1025.28,0.3678173,143469,28535.94,10792.82,98539.68,109332.5
30.60051,19.32532,424.9399,-0.2696607,0.6452154,53.05717,1107.62,1025.681,0.3673006,143745.3,28535.94,10841.88,98539.68,109381.6
30.70051,19.29796,426.8479,-0.2696043,0.6442812,53.15541,1106.016,1026.092,0.3667688,144029,28535.94,10892.1,98539.68,109431.8
30.80051,19.271,428.7531,-0.2695497,0.6433746,53.251,1104.46,1026.491,0.3662527,144309.1,28535.94,10941.5,98539.68,109481.2
30.90052,19.24469,430.6556,-0.2694957,0.6424934,53.34414,1102.947,1026.878,0.3657511,144583,28535.94,10989.63,98539.68,109529.3
31.00052,19.21783,432.5554,-0.2694417,0.6415865,53.44023,1101.39,1027.276,0.3652348,144863.2,28535.94,11038.72,98539.68,109578.4
31.10052,19.1916,434.4526,-0.2693884,0.6406947,53.53497,1099.859,1027.666,0.3647271,145137.3,28535.94,11086.6,98539.68,109626.3
31.20052,19.16365,436.347,-0.2693319,0.6398003,53.63021,1098.324,1028.057,0.3642179,145430,28535.94,11137.52,98539.68,109677.2
31.30053,19.13668,438.2388,-0.2692787,0.6388927,53.7271,1096.766,1028.454,0.3637013,145712.9,28535.94,11186.59,98539.68,109726.3
31.40053,19.11043,440.1279,-0.2692252,0.6380013,53.82252,1095.235,1028.843,0.3631938,145989,28535.94,11234.29,98539.68,109774
31.50053,19.08254,442.0143,-0.2691698,0.6370794,53.92144,1093.653,1029.244,0.3626691,146282.8,28535.94,11284.9,98539.68,109824.6
31.60053,19.05652,443.898,-0.2691162,0.6361866,54.01748,1092.12,1029.632,0.3621608,146557.4,28535.94,11332.04,98539.68,109871.7
31.70053,19.02971,445.7791,-0.2690628,0.6353019,54.1129,1090.602,1030.017,0.3616572,146841,28535.94,11380.57,98539.68,109920.3
31.80054,19.00156,447.6574,-0.269006,0.6344111,54.20921,1089.072,1030.403,0.3611501,147139.3,28535.94,11431.41,98539.68,109971.1
31.90054,18.97606,449.533,-0.2689548,0.6335111,54.30675,1087.527,1030.793,0.3606378,147410.2,28535.94,11477.45,98539.68,110017.1
32.00054,18.94838,451.406,-0.2688996,0.632632,54.40228,1086.018,1031.173,0.3601373,147704.6,28535.94,11527.3,98539.68,110067
32.10054,18.92094,453.2763,-0.2688454,0.6317143,54.50224,1084.443,1031.569,0.3596149,147997.2,28535.94,11576.67,98539.68,110116.4
32.20055,18.89407,455.1438,-0.2687916,0.6308241,54.59947,1082.915,1031.953,0.3591082,148284.2,28535.94,11624.94,98539.68,110164.6
32.30055,18.86722,457.0087,-0.268739,0.6299256,54.69785,1081.372,1032.34,0.3585966,148571.6,28535.94,11673.11,98539.68,110212.8
32.40055,18.84079,458.8709,-0.2686857,0.6290444,54.79457,1079.86,1032.719,0.358095,148855.1,28535.94,11720.45,98539.68,110260.1
32.50055,18.81481,460.7304,-0.2686342,0.6281382,54.89431,1078.304,1033.108,0.3575791,149134.3,28535.94,11766.92,98539.68,110306.6
32.60056,18.78697,462.5872,-0.2685803,0.6272607,54.99111,1076.798,1033.484,0.3570796,149434,28535.94,11816.66,98539.68,110356.3
32.70056,18.76065,464.4413,-0.2685272,0.6263294,55.09413,1075.199,1033.883,0.3565494,149718,28535.94,11863.6,98539.68,110403.3
32.80056,18.73324,466.2928,-0.2684727,0.6254587,55.19068,1073.704,1034.255,0.3560538,150014.3,28535.94,11912.41,98539.68,110452.1
32.90056,18.70623,468.1415,-0.268421,0.6245191,55.29514,1072.091,1034.656,0.3555188,150306.9,28535.94,11960.46,98539.68,110500.1
33.00056,18.68007,469.9875,-0.2683685,0.6236495,55.39207,1070.598,1035.027,0.3550239,150590.9,28535.94,12006.93,98539.68,110546.6
33.10057,18.65341,471.8309,-0.2683154,0.6227288,55.49497,1069.018,1035.418,0.3544997,150880.9,28535.94,12054.21,98539.68,110593.9
33.20057,18.62624,473.6715,-0.2682632,0.6218701,55.59116,1067.544,1035.783,0.3540109,151177,28535.94,12102.33,98539.68,110642
33.30057,18.5997,475.5095,-0.2682109,0.6209475,55.69479,1065.96,1036.174,0.3534857,151466.7,28535.94,12149.25,98539.68,110688.9
33.40057,18.5721,477.3449,-0.2681566,0.6200895,55.7914,1064.487,1036.538,0.3529973,151768.8,28535.94,12198,98539.68,110737.7
33.50058,18.5459,479.1775,-0.268106,0.6191723,55.89495,1062.912,1036.925,0.3524751,152056.1,28535.94,12244.21,98539.68,110783.9
33.60058,18.51853,481.0075,-0.2680526,0.6182981,55.9939,1061.412,1037.294,0.3519774,152356.8,28535.94,12292.41,98539.68,110832.1
33.70058,18.49224,482.8348,-0.2680005,0.6174019,56.09559,1059.873,1037.672,0.3514673,152646.2,28535.94,12338.64,98539.68,110878.3
33.80058,18.46496,484.6594,-0.2679482,0.6165069,56.19741,1058.337,1038.048,0.3509578,152947.1,28535.94,12386.53,98539.68,110926.2
33.90059,18.43787,486.4813,-0.2678961,0.6156071,56.30005,1056.792,1038.427,0.3504456,153246.5,28535.94,12434.03,98539.68,110973.7
34.00059,18.41242,488.3005,-0.2678459,0.614717,56.40184,1055.264,1038.8,0.3499388,153528.3,28535.94,12478.57,98539.68,111018.3
34.10059,18.38463,490.1172,-0.2677928,0.6137762,56.5097,1053.649,1039.193,0.3494033,153836.7,28535.94,12527.15,98539.68,111066.8
34.20059,18.35766,491.931,-0.2677398,0.6128919,56.61136,1052.131,1039.563,0.3488999,154136.6,28535.94,12574.23,98539.68,111113.9
34.30059,18.33102,493.7422,-0.267688,0.6119933,56.71494,1050.588,1039.938,0.3483883,154433.4,28535.94,12620.66,98539.68,111160.3
34.4006,18.30449,495.5507,-0.2676376,0.611097,56.8185,1049.05,1040.311,0.3478782,154729.6,28535.94,12666.84,98539.68,111206.5
34.5006,18.27822,497.3566,-0.2675869,0.6102231,56.91975,1047.55,1040.675,0.3473806,155023.5,28535.94,12712.5,98539.68,111252.2
34.6006,18.25076,499.1597,-0.267534,0.6093223,57.02437,1046.003,1041.048,0.3468678,155331.2,28535.94,12760.15,98539.68,111299.8
34.7006,18.22486,500.972,-0.2674848,0.6084537,57.12552,1044.512,1041.408,0.3463733,155622.1,28535.94,12805.02,98539.68,111344.7
34.80061,18.19817,502.7935,-0.2674332,0.6075476,57.2313,1042.957,1041.783,0.3458576,155922.4,28535.94,12851.21,98539.68,111390.9
34.90061,18.17054,504.6122,-0.2673798,0.6066716,57.33384,1041.453,1042.145,0.3453589,156233.9,28535.94,12898.93,98539.68,111438.6
35.00061,18.1438,506.4281,-0.2673291,0.6057394,57.44326,1039.853,1042.529,0.3448281,156536.1,28535.94,12945.08,98539.68,111484.8
35.10061,18.11691,508.2415,-0.2672778,0.6048869,57.54356,1038.389,1042.88,0.3443429,156840.7,28535.94,12991.41,98539.68,111531.1
35.20061,18.0906,510.0522,-0.2672278,0.6039696,57.65176,1036.815,1043.256,0.3438208,157139.1,28535.94,13036.66,98539.68,111576.3
35.30062,18.0636,511.8602,-0.2671755,0.6030743,57.75768,1035.277,1043.624,0.343311,157446.1,28535.94,13083.03,98539.68,111622.7
35.40062,18.03729,513.6655,-0.2671262,0.6021888,57.86269,1033.757,1043.986,0.342807,157745.7,28535.94,13128.15,98539.68,111667.8
35.50062,18.01134,515.468,-0.2670792,0.6012877,57.96984,1032.21,1044.354,0.3422939,158042,28535.94,13172.59,98539.68,111712.3
35.60062,17.98333,517.2681,-0.267024,0.6004149,58.07389,1030.712,1044.71,0.3417971,158362.3,28535.94,13220.49,98539.68,111760.2
35.70063,17.95724,519.0655,-0.266974,0.5995484,58.17745,1029.225,1045.063,0.3413038,158661.4,28535.94,13265.05,98539.68,111804.7
35.80063,17.93106,520.8602,-0.2669249,0.5986434,58.28589,1027.671,1045.43,0.3407887,158962.1,28535.94,13309.69,98539.68,111849.4
35.90063,17.90392,522.6522,-0.2668734,0.5977476,58.39352,1026.133,1045.793,0.3402787,159274.4,28535.94,13355.89,98539.68,111895.6
36.00063,17.877,524.4415,-0.2668224,0.5968729,58.4989,1024.632,1046.147,0.3397807,159584.8,28535.94,13401.66,98539.68,111941.3
36.10064,17.84983,526.2282,-0.2667716,0.595957,58.6095,1023.06,1046.517,0.3392594,159898.7,28535.94,13447.76,98539.68,111987.4
36.20064,17.82394,528.0121,-0.2667227,0.5950811,58.71558,1021.556,1046.87,0.3387608,160198.5,28535.94,13491.64,98539.68,112031.3
36.30064,17.79732,529.7935,-0.266674,0.5941731,58.82582,1019.997,1047.236,0.3382439,160507.3,28535.94,13536.7,98539.68,112076.4
36.40064,17.77068,531.5721,-0.2666231,0.5933189,58.92981,1018.531,1047.579,0.3377576,160816.9,28535.94,13581.71,98539.68,112121.4
36.50064,17.74321,533.3481,-0.2665719,0.5923728,59.0453,1016.907,1047.958,0.337219,161136.9,28535.94,13628.06,98539.68,112167.7
36.60065,17.7165,535.1214,-0.266522,0.5915046,59.15156,1015.416,1048.305,0.3367248,161448.6,28535.94,13673.06,98539.68,112212.7
36.70065,17.69121,536.892,-0.2664759,0.5906051,59.26193,1013.872,1048.664,0.3362128,161744.3,28535.94,13715.58,98539.68,112255.3
36.80065,17.66387,538.66,-0.2664251,0.589752,59.3669,1012.408,1049.004,0.3357271,162064.7,28535.94,13761.51,98539.68,112301.2
36.90065,17.63743,540.4253,-0.2663747,0.5888458,59.47867,1010.852,1049.364,0.3352112,162375.2,28535.94,13805.85,98539.68,112345.5
37.00066,17.60998,542.1879,-0.2663236,0.5879527,59.58913,1009.319,1049.719,0.3347028,162698.2,28535.94,13851.82,98539.68,112391.5
37.10066,17.58432,543.9479,-0.2662771,0.5870631,59.69947,1007.792,1050.071,0.3341964,163000.7,28535.94,13894.71,98539.68,112434.4
37.20066,17.55756,545.7053,-0.2662276,0.5861604,59.81171,1006.242,1050.427,0.3336824,163316.9,28535.94,13939.4,98539.68,112479.1
37.30066,17.53082,547.4599,-0.2661776,0.5852676,59.92303,1004.709,1050.779,0.3331742,163633.4,28535.94,13983.97,98539.68,112523.7
37.40067,17.50493,549.2119,-0.26613,0.5843896,60.03279,1003.202,1051.125,0.3326744,163940.5,28535.94,14027.06,98539.68,112566.7
37.50067,17.47738,550.9612,-0.2660792,0.5835091,60.14315,1001.691,1051.471,0.3321732,164268,28535.94,14072.85,98539.68,112612.5
37.60067,17.45038,552.7079,-0.26603,0.5826241,60.25437,1000.171,1051.817,0.3316693,164589.6,28535.94,14117.65,98539.68,112657.3
37.70067,17.42439,554.4518,-0.2659816,0.5817134,60.36913,998.608,1052.173,0.3311509,164899.8,28535.94,14160.71,98539.68,112700.4
37.80067,17.39722,556.1932,-0.2659316,0.5808277,60.48104,997.0875,1052.519,0.3306467,165224.8,28535.94,14205.67,98539.68,112745.4
37.90068,17.37183,557.9319,-0.2658863,0.5799643,60.59041,995.6054,1052.855,0.3301553,165529.1,28535.94,14247.61,98539.68,112787.3
38.00068,17.34373,559.668,-0.2658348,0.5790831,60.70234,994.0927,1053.197,0.3296536,165866.5,28535.94,14293.96,98539.68,112833.6
38.10068,17.31803,561.4014,-0.2657876,0.5781873,60.81643,992.5549,1053.544,0.3291437,166175.7,28535.94,14336.27,98539.68,112875.9
38.20068,17.29085,563.1321,-0.265738,0.5772729,60.93321,990.9851,1053.898,0.3286231,166503.4,28535.94,14380.96,98539.68,112920.6
38.30069,17.26522,564.8602,-0.2656911,0.5764131,61.0433,989.5092,1054.23,0.3281337,166813.1,28535.94,14423.04,98539.68,112962.7
38.40069,17.23875,566.5856,-0.2656442,0.5755319,61.15643,987.9965,1054.569,0.327632,167133.7,28535.94,14466.43,98539.68,113006.1
38.50069,17.21196,568.3083,-0.2655941,0.5746542,61.26942,986.4897,1054.906,0.3271324,167458.6,28535.94,14510.27,98539.68,113049.9
38.60069,17.1853,570.0284,-0.2655462,0.5737641,61.38432,984.9617,1055.247,0.3266256,167782.7,28535.94,14553.83,98539.68,113093.5
38.7007,17.15843,571.7459,-0.2654977,0.572848,61.50289,983.389,1055.597,0.3261041,168110,28535.94,14597.67,98539.68,113137.4
38.8007,17.13219,573.4606,-0.2654501,0.5719707,61.61674,981.8831,1055.932,0.3256048,168430.2,28535.94,14640.41,98539.68,113180.1
38.9007,17.10484,575.1728,-0.2654026,0.571109,61.72887,980.4038,1056.26,0.3251142,168764.8,28535.94,14684.9,98539.68,113224.6
39.0007,17.07985,576.8822,-0.2653567,0.5701962,61.84798,978.8368,1056.606,0.3245946,169071.1,28535.94,14725.49,98539.68,113265.2
39.1007,17.05225,578.5892,-0.2653071,0.5693257,61.96186,977.3425,1056.936,0.324099,169410.1,28535.94,14770.25,98539.68,113309.9
39.20071,17.02602,580.2935,-0.2652608,0.5684508,62.07663,975.8406,1057.266,0.323601,169732.8,28535.94,14812.71,98539.68,113352.4
39.30071,16.99963,581.9951,-0.2652121,0.5675552,62.19444,974.3031,1057.604,0.3230911,170058.3,28535.94,14855.37,98539.68,113395
39.40071,16.97203,583.6938,-0.2651629,0.566642,62.31489,972.7355,1057.947,0.3225713,170399.3,28535.94,14899.91,98539.68,113439.6
39.50071,16.94564,585.3901,-0.265116,0.5657619,62.4313,971.2246,1058.277,0.3220703,170726.1,28535.94,14942.42,98539.68,113482.1
39.60072,16.91952,587.0837,-0.2650697,0.5648982,62.54584,969.7419,1058.6,0.3215786,171050.3,28535.94,14984.45,98539.68,113524.1
39.70072,16.89275,588.7746,-0.2650218,0.5640161,62.66314,968.2277,1058.929,0.3210765,171383.1,28535.94,15027.45,98539.68,113567.1
39.80072,16.86668,590.4629,-0.2649764,0.5631269,62.7817,966.7012,1059.26,0.3205703,171707.9,28535.94,15069.26,98539.68,113608.9
39.90072,16.84031,592.1485,-0.2649285,0.5622492,62.89904,965.1945,1059.586,0.3200706,172037.2,28535.94,15111.51,98539.68,113651.2
40.00072,16.81508,593.8315,-0.2648866,0.5613705,63.01685,963.686,1059.911,0.3195704,172352.8,28535.94,15151.84,98539.68,113691.5
40.10073,16.78825,595.5119,-0.2648385,0.5604804,63.13652,962.1579,1060.24,0.3190636,172689.1,28535.94,15194.66,98539.68,113734.3
40.20073,16.7615,597.1896,-0.26479,0.5596204,63.25242,960.6817,1060.557,0.3185741,173025.1,28535.94,15237.3,98539.68,113777
40.30073,16.73399,598.8646,-0.2647413,0.5586849,63.37886,959.0758,1060.901,0.3180416,173371.4,28535.94,15281.08,98539.68,113820.8
40.40073,16.70871,600.5369,-0.2646981,0.5578067,63.49791,957.5681,1061.223,0.3175416,173690.3,28535.94,15321.24,98539.68,113860.9
40.50074,16.68151,602.2066,-0.2646481,0.5569397,63.61573,956.0799,1061.539,0.3170481,174034,28535.94,15364.38,98539.68,113904.1
40.60074,16.65457,603.8737,-0.2646016,0.5560304,63.73966,954.5188,1061.871,0.3165304,174375.3,28535.94,15407.04,98539.68,113946.7
40.70074,16.62926,605.5381,-0.2645571,0.5551813,63.85569,953.0613,1062.179,0.3160471,174696.5,28535.94,15447.07,98539.68,113986.8
40.80074,16.60209,607.1999,-0.2645099,0.5542681,63.98084,951.4935,1062.51,0.3155272,175042.1,28535.94,15489.96,98539.68,114029.6
40.90075,16.57515,608.8591,-0.2644626,0.5533937,64.10099,949.9926,1062.826,0.3150295,175385.5,28535.94,15532.43,98539.68,114072.1
41.00075,16.54888,610.5156,-0.2644171,0.5525234,64.2209,948.4986,1063.14,0.3145341,175721,28535.94,15573.76,98539.68,114113.4
41.10075,16.52331,612.1695,-0.2643742,0.5516444,64.34235,946.9896,1063.456,0.3140337,176048.2,28535.94,15613.93,98539.68,114153.6
41.20075,16.49571,613.8207,-0.2643246,0.5507614,64.46469,945.4737,1063.772,0.3135309,176402.3,28535.94,15657.23,98539.68,114196.9
41.30075,16.47018,615.4692,-0.2642804,0.5499027,64.58398,943.9997,1064.079,0.3130422,176730.3,28535.94,15697.21,98539.68,114236.9
41.40076,16.44408,617.1152,-0.2642357,0.5489777,64.71284,942.4118,1064.409,0.3125156,177066.5,28535.94,15738.03,98539.68,114277.7
41.50076,16.41743,618.7585,-0.2641906,0.5481008,64.83535,940.9064,1064.721,0.3120164,177410.3,28535.94,15779.62,98539.68,114319.3
41.60076,16.39043,620.3992,-0.2641414,0.547236,64.9565,939.4219,1065.027,0.3115241,177759.5,28535.94,15821.71,98539.68,114361.4
41.70076,16.36489,622.0373,-0.2640985,0.5463412,65.08219,937.8858,1065.343,0.3110147,178090.4,28535.94,15861.45,98539.68,114401.1
41.80077,16.33711,623.6726,-0.2640499,0.5454733,65.20444,936.3959,1065.649,0.3105206,178451.1,28535.94,15904.6,98539.68,114444.3
41.90077,16.31059,625.3054,-0.2640039,0.5445933,65.32874,934.8853,1065.958,0.3100197,178796.3,28535.94,15945.73,98539.68,114485.4
42.00077,16.28595,626.9354,-0.2639624,0.5437039,65.45473,933.3583,1066.269,0.3095133,179117.5,28535.94,15983.89,98539.68,114523.6
42.10077,16.25822,628.5629,-0.2639142,0.5428224,65.57993,931.8451,1066.577,0.3090115,179479.8,28535.94,16026.76,98539.68,114566.4
42.20078,16.23196,630.1877,-0.26387,0.5419254,65.7077,930.3053,1066.889,0.3085009,179823.7,28535.94,16067.29,98539.68,114607
42.30078,16.20531,631.8098,-0.2638244,0.5410817,65.82822,928.8569,1067.181,0.3080206,180173.4,28535.94,16108.36,98539.68,114648
42.40078,16.18012,633.4293,-0.2637809,0.5401826,65.95698,927.3135,1067.492,0.3075088,180504.6,28535.94,16147.12,98539.68,114686.8
42.50078,16.15278,635.0463,-0.2637356,0.5393036,66.08322,925.8046,1067.795,0.3070084,180864.9,28535.94,16189.11,98539.68,114728.8
42.60078,16.12672,636.6605,-0.2636912,0.538435,66.20832,924.3135,1068.093,0.3065139,181209,28535.94,16229.08,98539.68,114768.8
42.70079,16.09965,638.272,-0.2636454,0.5375203,66.34044,922.7433,1068.407,0.3059933,181567.2,28535.94,16270.52,98539.68,114810.2
42.80079,16.07458,639.881,-0.2636025,0.5366694,66.46369,921.2825,1068.697,0.3055089,181899.6,28535.94,16308.84,98539.68,114848.5
42.90079,16.04841,641.4873,-0.2635586,0.5357577,66.59612,919.7173,1069.007,0.3049898,182247.4,28535.94,16348.79,98539.68,114888.5
43.00079,16.02173,643.0911,-0.2635134,0.5349396,66.71528,918.3129,1069.285,0.3045241,182602.5,28535.94,16389.43,98539.68,114929.1
43.1008,15.99494,644.6921,-0.2634677,0.534012,66.85075,916.7206,1069.598,0.303996,182960,28535.94,16430.19,98539.68,114969.9
43.2008,15.96839,646.2905,-0.2634239,0.5331306,66.97985,915.2075,1069.895,0.3034943,183314.9,28535.94,16470.5,98539.68,115010.2
